id	experimental_strategy	project_id
de46634d-77b4-4a7b-a916-f3bf19a7d5fa	WXS	TCGA-THCA
84d01a18-7bbb-421d-ace8-1ca4db568b26	WXS	TCGA-CESC
ca529595-7450-4c05-a317-fdcfb450b1a4	WXS	TCGA-CESC
339c4df7-0f8c-4fcd-bc82-8bff9ad46fa7	WXS	TCGA-KIRP
f075dc17-1bb9-47f6-8afb-d807acefdfa3	WXS	TCGA-KIRP
982a5200-e27c-47ea-bffc-8d97992b1fec	WXS	TCGA-KIRP
95e01ede-bd4c-4fbc-b280-06974e183559	WXS	TCGA-KIRP
6b8816ac-3613-4154-a457-092eeb97bbce	WXS	TCGA-KIRP
fa133cf3-d003-41ae-a2e2-c0d934a3ce61	WXS	TCGA-LIHC
5c491ba1-c457-4ae8-8fd0-c57c6f4cbc6d	WXS	TCGA-KIRP
57961d27-2f80-4987-9dd9-aefbe9b059e3	WXS	TCGA-KIRP
ce2f1fc0-34c9-4879-820b-3f69f7609d79	WXS	TCGA-KIRP
f5a8bc77-15e6-40da-b3ab-39aaec196bcd	WXS	TCGA-LIHC
d0df4f82-0a79-4140-9e25-6f2b5e1659e2	WXS	TCGA-KIRP
8e980fdf-71e3-4268-ae00-2fff1d186559	WXS	TCGA-KIRP
e36b2cd4-4e58-44fd-987f-7bda280c2d96	WXS	TCGA-KIRP
b3f326e2-897b-41dc-a278-205cfe7a20fc	WXS	TCGA-KIRP
48fc0531-5597-485e-bfa7-58b5636feb6d	WXS	TCGA-LIHC
713b4ee3-c803-42ac-801c-68fbc89029fa	WXS	TCGA-LIHC
081631cc-733b-44ea-aac9-ac69f6326934	WXS	TCGA-LIHC
2a773bef-ad34-49c6-a130-31c147bcc550	WXS	TCGA-LIHC
5d5ae490-8cad-4bd4-bb65-d1757b0e5366	WXS	TCGA-LIHC
c9e3c7fc-d381-413f-9b71-b55f24e388a0	WXS	TCGA-LIHC
62c495db-66f8-4df2-be32-a05f9c6afd6f	WXS	TCGA-PAAD
f6f49539-9aac-4cc7-b6c3-eda4bac4d49d	WXS	TCGA-LIHC
022cfc6f-f778-44ae-95d1-759f006df7e6	WXS	TCGA-MESO
5292b4b7-ad6c-43cb-8665-8f12892b2946	WXS	TCGA-PAAD
99eb41c8-2ddc-4eee-8c38-274fbda16abb	WXS	TCGA-MESO
40d550e2-7802-4141-a980-edddba4e82f8	WXS	TCGA-READ
57c29feb-a197-4e9b-9b6a-8bb35089c71f	WXS	TCGA-PAAD
b71f295f-4454-47b6-8056-dc9bc441cae6	WXS	TCGA-PAAD
70beb17b-a5de-4ac6-8f85-886e5ee12597	WXS	TCGA-SARC
11567d46-7f05-42cb-9ede-46dde492ddbd	WXS	TCGA-READ
64550690-eafc-448e-9012-07cad5c8e8dd	WXS	TCGA-READ
2ed07dab-9401-48be-be48-273eabfc314c	WXS	TCGA-SARC
a741a36f-01ab-45bb-92fa-cf5b6cf9ab27	WXS	TCGA-SARC
c38f0a0c-9971-4ac3-a982-bcaccad7aa63	WXS	TCGA-SARC
a83aa516-3a7f-4fa8-9749-cc50fc0c6eef	WXS	TCGA-SARC
56ea515f-1ece-45d7-95ac-db7e0ebe1a04	WXS	TCGA-SARC
a0203aa5-c7ae-4440-b420-c6f555e8bd54	WXS	TCGA-SARC
a6ff6454-5dea-4bb2-a27c-a2dba5e6105e	WXS	TCGA-SARC
a1ee3ad8-6594-4935-a10f-f991bf674ee6	WXS	TCGA-SARC
4def21fb-e277-4ca2-b43f-1669b1f60716	WXS	TCGA-SARC
2d089ca5-f975-492a-b724-f86677193c21	WXS	TCGA-SARC
f5643d3e-0f4f-455d-97fb-6725df732d45	WXS	TCGA-SARC
9bc0cee6-6d47-4ba2-a07a-196975e06209	WXS	TCGA-SARC
94dc1c50-bb38-4d24-b164-2e33f4ca4d52	WXS	TCGA-SARC
7493770c-5450-4fdc-9b84-8dc56e41deba	WXS	TCGA-SARC
1b07b133-13fd-4c8f-bd7c-4c691c1855fc	WXS	TCGA-SARC
1972c335-48c8-48a0-aa95-175fc62a96e3	WXS	TCGA-SARC
11809d75-bfa7-4784-8d10-dfdf9485a864	WXS	TCGA-SARC
9416c0cc-2d60-4911-9fe5-37d2ddd3dc9b	WXS	TCGA-SARC
54660dee-4c7b-4e42-b05e-c62e6f32f869	WXS	TCGA-SARC
fa78e1bb-9bc6-4bfc-aeb8-461f09b9beab	WXS	TCGA-SARC
f91a3118-3788-4455-9d62-f19628a5fc0e	WXS	TCGA-SARC
aa18261a-4124-4884-a020-77677dd4adfc	WXS	TCGA-SARC
66d00cc6-284b-4841-acbc-54a311868b16	WXS	TCGA-SARC
75b2837f-bf66-4655-b695-a71f59be9d57	WXS	TCGA-SARC
1a4cad4f-e920-448a-adc4-4bf87d700581	WXS	TCGA-SARC
799c1f3e-8269-40d7-a01e-800cb3d3e0f0	WXS	TCGA-SARC
2c9677e8-f6aa-4b0b-9c0d-cf4a9353e623	WXS	TCGA-SARC
f47ec0b8-72c5-46b4-a69c-bdaafd91bbb8	WXS	TCGA-SARC
23f16e2f-4aa4-4504-a2eb-9235524d21ea	WXS	TCGA-SARC
6a5b5bd6-538c-4d23-b5a4-d3cc138d15e5	WXS	TCGA-SARC
71009e1e-db62-48b8-aa0d-0a8e0f5dde8c	WXS	TCGA-STAD
37d960c8-9678-4d6a-b8d5-fe6e50732d54	WXS	TCGA-SARC
4bbe4ffa-e879-48a5-86cd-6b9851184569	WXS	TCGA-SARC
965fdef6-1819-4420-b160-8625e898dc86	WXS	TCGA-SARC
3d1f7843-cca5-4b47-b776-9f5cae8a8f81	WXS	TCGA-PRAD
7a9166d8-24f8-41ac-9204-09ec3c9bc562	WXS	TCGA-PRAD
3bbb8be4-ef84-465b-9a8f-e4ccfcf68767	WXS	TCGA-STAD
c8ec570d-1df7-4d47-b071-ada5c5ba31b9	WXS	TCGA-STAD
48f4e143-0fa7-4f1c-9b11-5b61893dc654	WXS	TCGA-STAD
b71456cb-6a4a-47fe-b8d2-0436ffaf5c2a	WXS	TCGA-STAD
5de9c39f-a3da-489a-9e52-4a8a2360fdc4	WXS	TCGA-STAD
137f4d70-901f-4252-a8f0-57e6aadcb576	WXS	TCGA-STAD
c18a09fa-db7b-4161-831e-606a0b560398	WXS	TCGA-THCA
3270735a-83e8-47a3-ae39-dc3a1d34e311	WXS	TCGA-THCA
22384a62-2d9b-4a91-b1e3-460aac8839f6	WXS	TCGA-THCA
719c6c4e-62c1-4600-bc27-bd75a76ff5d4	WXS	TCGA-THCA
87693de6-784a-4881-ae60-050a0688d160	WXS	TCGA-THCA
bc8d109d-c978-4eef-b072-bbb1c79bfcf2	WXS	TCGA-CESC
481fe091-4da4-4d31-a288-064045ac705f	WXS	TCGA-CESC
53b2e41b-e580-42a4-83e1-2deb3dc1b6e6	WXS	TCGA-CESC
8773f9ca-0abf-4757-8dc7-0eef9c021dd9	WXS	TCGA-CESC
202c79f8-956a-4d99-8080-b4fb930571cf	WXS	TCGA-CESC
b9768282-73f8-4c3b-82ee-717cdcc9ee07	WXS	TCGA-CESC
f88bdf92-94b7-4742-bfae-1b16f4e86250	WXS	TCGA-CESC
1b1f972f-f728-498e-8908-6c18548b5cc0	WXS	TCGA-CESC
e63b5d80-d360-4437-8cd2-db990c71d504	WXS	TCGA-CESC
1aad269d-fc11-4e04-b6ac-785bf2ee779c	WXS	TCGA-CESC
f106f9f9-6bd3-4da1-833f-c14fb83cf972	WXS	TCGA-CESC
bdfec51e-e0e8-4bf4-813f-4eba43fbfb08	WXS	TCGA-CESC
d746df8b-3ad6-4dff-a227-23560fa25bd7	WXS	TCGA-CESC
251c2ab3-0f90-484c-b822-567ef5626b88	WXS	TCGA-CESC
cecadaf3-24bf-42e9-8e25-761e52b03862	WXS	TCGA-CESC
5da5b8d7-5acf-4b58-b8e6-3b17ebae5b78	WXS	TCGA-CESC
ae1dfec6-324f-4dd9-aa28-2b1cc3c80e9b	WXS	TCGA-CESC
68a439a0-29ae-4024-aefb-e43d8a0e44ca	WXS	TCGA-CESC
494ac01c-dc62-4fff-9b08-8b2734fce357	WXS	TCGA-CESC
f8d09c18-8bca-4de9-a4de-11e78f09b9a1	WXS	TCGA-CESC
45b98552-f798-45e6-b421-99dba16cf910	WXS	TCGA-CESC
e2805f20-bd93-4e85-a0ca-6832c24eb17b	WXS	TCGA-CESC
a3a43a6b-0445-4238-bd8a-b1129eb983a5	WXS	TCGA-CESC
f25d9adc-4005-435a-8270-d59c3f05d03c	WXS	TCGA-CESC
60fb1897-4d2b-450b-9398-afab1892fd80	WXS	TCGA-CESC
036540a9-e21f-4f56-aab1-9f0fb13e40a1	WXS	TCGA-CESC
ff9ca9a3-e716-45f6-89fa-953f298462f5	WXS	TCGA-CESC
4a9f5ef6-7358-42cf-8224-25824eccc881	WXS	TCGA-CESC
b132e1ee-e699-4441-b196-bd48d73668df	WXS	TCGA-CESC
f7615653-516a-48db-a0b0-d549b1db36ef	WXS	TCGA-CESC
87e58bd4-bc6e-415a-bf7e-a5720bc5ab6c	WXS	TCGA-HNSC
f0d68e32-83f8-4455-b29a-dffb7b2aa1b4	WXS	TCGA-TGCT
c272e64e-e61b-4335-be2a-888032ecc3d3	WXS	TCGA-TGCT
e56e9cd6-1350-4688-a81f-174c4edc3e83	WXS	TCGA-HNSC
0d824b4e-9001-4329-a2d6-30b214058add	WXS	TCGA-TGCT
57c8039e-54ca-475f-b181-27803455db3e	WXS	TCGA-TGCT
446dc27e-c668-4247-bd35-1e37bb547372	WXS	TCGA-TGCT
35a7688d-590b-4f4c-87fb-e6a94afe149c	WXS	TCGA-TGCT
dfee2143-892c-4a91-be67-5c15fe3bceba	WXS	TCGA-TGCT
269f36c1-4fcf-4660-9c76-a2f5c50c3ffa	WXS	TCGA-TGCT
3f209319-fdc4-45b0-93f5-e8226440fea5	WXS	TCGA-TGCT
08ba067b-440d-43ce-950c-c4b872fad8b9	WXS	TCGA-TGCT
3f522252-2170-4856-8415-a0971f5f105e	WXS	TCGA-ACC
6839244c-e44d-4e95-8af3-c9852d76f729	WXS	TCGA-BRCA
e6a49ca5-471d-437f-a969-9d52fe2a6b10	WXS	TCGA-ACC
59bc2acd-9599-4077-9f7a-b6a0ff789f42	WXS	TCGA-BRCA
7acdd5b2-0a61-467d-a850-ba5e92d3e2cd	WXS	TCGA-BRCA
b5a8c64d-ec94-4f7f-bb57-6d9b6c19f6d7	WXS	TCGA-BRCA
35bf8067-5571-49b1-9e6a-74b97dcab9b5	WXS	TCGA-BRCA
7de899c8-cda7-4984-974b-87cc84ea06c3	WXS	TCGA-BRCA
f429cdc8-6d88-47b3-8a28-cbacd974fdef	WXS	TCGA-BRCA
941a0134-e26f-4aac-91db-638ca08d27f1	WXS	TCGA-GBM
5c6be2da-e31d-47bd-b83d-746cafd94908	WXS	TCGA-GBM
cc54312c-2f4d-4c0e-a05d-ee25d0285e55	WXS	TCGA-GBM
5a69a70a-bf5d-4832-b110-3f7a878bd417	WXS	TCGA-GBM
c5837f8f-124b-409f-ac59-8510d24e4a41	WXS	TCGA-GBM
50202c53-56b9-4fd6-bf59-a678cd6e8982	WXS	TCGA-GBM
e5926d21-dc35-4c23-a67e-4e05d7c8cd15	WXS	TCGA-GBM
0fea1b7d-8aab-4eb2-ac7c-a1ca1cd40124	WXS	TCGA-GBM
81c310b0-4c62-41c2-8fb6-00592ace5d3e	WXS	TCGA-GBM
ad10d578-862e-491d-92b6-230d43e74a3e	WXS	TCGA-GBM
7d78e5fd-4a1f-4e8f-9493-6516c0697db0	WXS	TCGA-GBM
7f5df990-9a61-44af-b7cf-73cfb327a090	WXS	TCGA-GBM
dc6dbc2e-f3c5-42a1-b724-68e0bd31368c	WXS	TCGA-GBM
788fe051-5ab4-4f5b-963e-8ef28c75b374	WXS	TCGA-GBM
6a0f84df-1ace-4447-8f54-15b7ec8564ab	WXS	TCGA-GBM
960f2640-504a-48c5-aca9-305b1e700a2c	WXS	TCGA-GBM
244466f1-3d01-4adf-8d57-3c7fccbcd37d	WXS	TCGA-GBM
6a882988-96b7-4427-a4e9-628f87b285aa	WXS	TCGA-GBM
38571c57-7938-4d00-acd0-7d7ff1c202bd	WXS	TCGA-GBM
aa9badc4-2f4e-4b1d-a8e1-1f8484cc5cd1	WXS	TCGA-GBM
d4c35054-ccd6-4fa1-8b78-c23e164565f3	WXS	TCGA-GBM
264cb61b-e3d0-4d44-8f06-4db288512678	WXS	TCGA-GBM
16980437-e5c6-4311-966d-dd8c5dba7463	WXS	TCGA-GBM
4d9a3c02-a5b7-4ca8-a51e-a044c76e5ea3	WXS	TCGA-GBM
3e6fef96-5bab-41be-95e1-3a496c2dcd62	WXS	TCGA-GBM
b4b671f0-48ac-4e5d-9435-d61329d9db49	WXS	TCGA-GBM
83a36110-08cb-4789-88b4-afd4d1a58003	WXS	TCGA-GBM
2b1aa35b-084b-4105-b9cb-ace7c9281993	WXS	TCGA-GBM
1a216f0d-63f9-4ca7-8ef3-d1fd863ea32b	WXS	TCGA-GBM
7a028c82-5aea-4b57-9805-2c8cc2df1d73	WXS	TCGA-GBM
40f22ac7-bd20-4ba7-b77c-7b6a6a59c7d7	WXS	TCGA-GBM
99c6ec3f-937e-4a84-8875-9b4e4ac323c1	WXS	TCGA-GBM
096233f0-3800-42ab-87ac-e3980549f3a5	WXS	TCGA-GBM
cd0c18c1-ccf4-41d2-aeda-eaf0abfba239	WXS	TCGA-GBM
ea1de166-db98-46ab-bc15-31c9867d9fc7	WXS	TCGA-GBM
429010ac-11e5-4e54-907f-1a4f8818327f	WXS	TCGA-GBM
a4945fda-1da6-46b5-9a06-a723355a55de	WXS	TCGA-GBM
25231778-e29b-4b10-aa59-0c6809277450	WXS	TCGA-LAML
c3c5994d-56a8-4c3c-b59a-3f952e6c1eb9	WXS	TCGA-LAML
0958609d-a164-4e7f-8a32-5cf28ab0e428	WXS	TCGA-LAML
0609bbe4-ad1a-4de3-a324-c16fd0bf37af	WXS	TCGA-LAML
7264334a-137b-47e9-a421-2e1f1f83dc7c	WXS	TCGA-LAML
171d4efe-3e49-40ef-99ce-d7c1b2347982	WXS	TCGA-LAML
809e8be5-ccb5-4c63-9c06-9258aadc9571	WXS	TCGA-LAML
1077b7f7-01da-424c-85af-22c2b6043d3f	WXS	TCGA-LAML
ba8cb6a5-7587-4a66-98c7-f9670a0308d0	WXS	TCGA-LAML
b1ac31eb-7232-4b98-aa04-df758f09ae94	WXS	TCGA-LGG
e80c81ba-0ce4-4282-850d-0bced7827e86	WXS	TCGA-LUAD
a0e84075-f8c5-4482-b9f3-da36a4a08db9	WXS	TCGA-LGG
d1530961-a780-4af9-8867-42a9c3c9edfd	WXS	TCGA-LGG
ea6c251c-ae37-46c7-8246-f5a23aade4db	WXS	TCGA-LUAD
c9f647ba-e305-4aa3-a567-e78552d9db07	WXS	TCGA-LUAD
12ea57ce-21bd-4cd0-a9da-b83ffe00c12f	WXS	TCGA-LUAD
915c8ac7-7b5e-45ec-b3c6-6f7fd74b034c	WXS	TCGA-LUAD
d8f739c4-bc87-4954-bb8a-728242f22454	WXS	TCGA-LUAD
cd4388a0-a6b4-412b-9319-b0d287969006	WXS	TCGA-LUAD
0942abbb-f468-4acd-9125-484a483ba54e	WXS	TCGA-LUAD
8ad9827f-1127-4af2-9db3-cebd6ae32ab4	WXS	TCGA-LUAD
78feb876-1a63-45a2-b49a-5c631e45a029	WXS	TCGA-LUAD
44e7e096-9d00-4cea-9d33-d5464110ebea	WXS	TCGA-LUAD
3db5f4e2-d6ea-4a5a-b6a6-0f865000a802	WXS	TCGA-LUAD
35d2b4d6-769b-469a-878c-b57d3758ec71	WXS	TCGA-LUAD
16785ff6-4127-4955-b033-4fa672042630	WXS	TCGA-LUAD
58181ffe-0e03-4d4d-9d1f-88ad8031e9e2	WXS	TCGA-LUAD
f2deb1df-89ce-4f3d-bbf7-0d10f1423bf9	WXS	TCGA-LUAD
35c501d9-bca9-4872-afd9-b397e4eae751	WXS	TCGA-LUSC
c79a1d92-a7df-40e4-abd8-81c1a8a53def	WXS	TCGA-LUSC
e546b9b1-a7ff-4d47-ae10-7178e6f90c04	WXS	TCGA-LUSC
5f914c79-6577-473c-b22f-3724581bc0e2	WXS	TCGA-LUSC
16b835d3-daf9-4894-bc58-593ca09ef16c	WXS	TCGA-LUSC
4720a4b9-bbfa-4c7c-b7eb-2677be4aee86	WXS	TCGA-LUSC
7dca5b3d-c013-48c5-b1fc-21cf9e85f738	WXS	TCGA-LUSC
dd7347cd-320d-49eb-8fec-ce5bce898ffb	WXS	TCGA-LUSC
77935f06-f9a0-4436-8b6a-51227f293a4f	WXS	TCGA-OV
bd423bee-b24d-48b6-b34a-23b22744651a	WXS	TCGA-OV
f8bd087e-1077-4a3b-b97f-094ec0823022	WXS	TCGA-OV
3df5ca22-1041-47c1-97db-c7d3623e9557	WXS	TCGA-OV
1f100b9c-30b6-43f3-9ccc-12386f28ce62	WXS	TCGA-OV
6e5bad5f-3040-454d-82ab-9444e19b4c15	WXS	TCGA-OV
a60e6366-0fc2-4bb5-a43e-f151ee973af6	WXS	TCGA-OV
eb435364-f067-40fb-b822-8b50596bbac8	WXS	TCGA-OV
de775675-7a9a-4293-99ae-84f725a871bb	WXS	TCGA-OV
2d57c159-75cf-45c5-80d3-cb94c41aa90e	WXS	TCGA-OV
938f786a-beda-4c13-9bd8-6e7605689e37	WXS	TCGA-OV
dbfc62b4-ad5b-47ca-b472-c6c4bc6e9b3d	WXS	TCGA-OV
1dbcd5ad-ca98-48b5-b7dc-b799be0dc849	WXS	TCGA-OV
faa2a8ed-97aa-45ac-bb12-15fe56abd2f9	WXS	TCGA-OV
f04a5b1c-3ceb-43cb-90a4-2d2b141db9f1	WXS	TCGA-OV
012ff36f-64d5-4446-97b2-495bc6c81331	WXS	TCGA-OV
728db833-fbd6-4622-bedf-1baea8fbb4b5	WXS	TCGA-OV
09355c2f-3a98-4ae1-829b-013b9af4ef88	WXS	TCGA-OV
cb86cceb-860f-4d8c-923d-2227839158c4	WXS	TCGA-OV
a993f5c8-38c1-4680-8318-d562477c9a83	WXS	TCGA-OV
6d8ddeef-e2b3-4ce7-a3b5-5079a02d012c	WXS	TCGA-OV
b837890c-ba65-41a1-81d8-65ccbe3ca7f7	WXS	TCGA-OV
9f9c4a9d-2875-4097-a01e-7abfb6b97a41	WXS	TCGA-OV
a22a1567-b25b-4de1-a4ac-44d21f9742c2	WXS	TCGA-OV
36b57658-ba4e-4e18-bc4c-e2f39f34191a	WXS	TCGA-UCEC
f4f66450-e35f-4c49-ba14-eb7147a866c3	WXS	TCGA-OV
a9f90262-cf3a-45a3-a356-cfad63453b7c	WXS	TCGA-OV
fd870eb3-65cc-44e7-8449-fe25b4f3f8e6	WXS	TCGA-OV
1812d139-50e3-4503-acb8-5105b511dda5	WXS	TCGA-OV
55e7bd94-6857-4f9c-8206-61e1cbb02702	WXS	TCGA-UCEC
10df4d95-42a6-44cb-a50c-a442bac6d4f6	WXS	TCGA-UCEC
e58ba3bd-e968-4bd9-85ef-027d799392da	WXS	TCGA-UCEC
30d5ad5b-fcb7-4989-91f1-252a7fd8dcdc	WXS	TCGA-UCEC
770840e7-cf06-4a47-88bc-c00ea827c7f2	WXS	TCGA-UCEC
eb8520bc-24df-48e6-8b66-4eb0dd2b82fd	WXS	TCGA-UCEC
7fe32bb2-224f-44ce-a3b5-46c245cad721	WXS	TCGA-UCEC
67d59635-7d4f-4132-b6a1-0845db7a231e	WXS	TCGA-UCEC
82dd5691-bd04-4d28-90f5-4b86cf6365e3	WXS	TCGA-UCEC
095882ec-1e0e-4b79-9fbf-5e9b3bf4c4f2	WXS	TCGA-UCEC
d241f42a-4fc9-4a41-a295-7193e41e4227	WXS	TCGA-UCEC
27420fb1-b6c0-4cfa-9942-bcdaa890bdfe	WXS	TCGA-UCEC
2c525f84-4717-443e-8d25-5c5dc006aa48	WXS	TCGA-UCEC
530b5f76-e42c-4ad3-a2bd-7fb484942f6f	WXS	TCGA-UCEC
e2db84e7-a6ca-474c-87c0-8ff28e5463a5	WXS	TCGA-UCEC
9927b5a3-842b-408f-b5ba-5ecfee2820b6	WXS	TCGA-UCEC
ba287169-e9f9-4579-8a29-76e35c68290f	WXS	TCGA-UCEC
2469fa84-50e4-4cc9-9904-ae59f4b207be	WXS	TCGA-UCEC
972bd72c-ca02-4c56-87d5-922d9f64a976	WXS	TCGA-UCEC
14d73331-1f5a-4c77-b9e7-a11bcbea8e4f	WXS	TCGA-UCEC
a3afb50f-9367-4f67-8ab0-98ec56ab6ee0	WXS	TCGA-UCEC
6cb8fea2-5119-46d8-b7c4-eb0335803bb8	WXS	TCGA-UCEC
f3aaeccd-6551-4385-88d9-5547234e2bc0	WXS	TCGA-UCEC
3d278621-f742-44af-8b73-d67feb9092d6	WXS	TCGA-UCEC
c7b1b11b-8740-4145-b347-14f94c30c9bb	WXS	TCGA-UCEC
efd92c96-7e50-4c28-8b30-0cb32e1dc13e	WXS	TCGA-UCEC
a6801d1c-bc6b-4ee1-961e-a73e47968f40	WXS	TCGA-UCEC
98357d21-25de-4ddc-b8fa-6fac6919161a	WXS	TCGA-UCEC
cee89d35-b9f8-40e4-801e-25c7546a6556	WXS	TCGA-UCEC
2aafe039-b01f-4102-84cb-1c0feacbaf6e	WXS	TCGA-UCEC
ab7555c1-2fd9-4cde-a635-cfb52dbd0726	WXS	TCGA-UCEC
e91044a6-54dd-4f55-bf45-bb1c81238860	WXS	TCGA-UCEC
a03dde23-c0be-4e65-9930-3bd55c72ceb5	WXS	TCGA-UCEC
fa27d2ec-afd9-40d9-904d-49894337fdb7	WXS	TCGA-UCEC
3c355ce9-8231-4ca3-857f-807ace4e3feb	WXS	TCGA-UCEC
44916278-aa3a-4aee-8270-5a35e04395ff	WXS	TCGA-COAD
dc845a28-5514-4f29-a2fa-0ce00b167f4b	WXS	TCGA-COAD
6b756ecc-8578-4d6c-b78d-67fdd461854a	WXS	TCGA-COAD
06d9e55f-0ca7-4ae5-b455-669511d3d9f0	WXS	TCGA-COAD
30758ea6-d550-4d70-ba64-23e20a011543	WXS	TCGA-COAD
4e5f3659-bc5f-455c-ba1c-3c9f983180d3	WXS	TCGA-COAD
07cd8ce0-7ef1-4ef2-ab8c-5daaae55bfae	WXS	TCGA-COAD
273bd0f4-452b-49b7-90df-b9a292de6879	WXS	TCGA-BLCA
bf86d478-791d-44f1-8979-e63fd20c9ad4	WXS	TCGA-COAD
bfb166ff-7eb4-46e6-a51c-af60bdc34520	WXS	TCGA-BLCA
9c582303-b438-4e23-b6ae-ad97e4e3c96d	WXS	TCGA-COAD
a8cf9f8a-3e3b-42ad-9b54-fa42fee8dc95	WXS	TCGA-BLCA
b726dd53-636a-4a5c-882b-6b42eaee327e	WXS	TCGA-KIRC
b556460f-4ed0-402b-a444-3e8346d50b49	WXS	TCGA-BLCA
0f9b48bf-0cee-4644-8086-662aab7b9f6d	WXS	TCGA-KIRC
253d19c6-191a-413f-b6ce-360dfe9741cd	WXS	TCGA-KIRC
2374892a-9087-4c8e-858d-3c32d180b754	WXS	TCGA-KIRC
43761892-b5db-4aba-bba7-3a1344f19db1	WXS	TCGA-KIRC
0a73a37c-90f6-4fb0-b6d1-a5c487ffc416	WXS	TCGA-KIRC
06549215-cf1e-4700-95a8-661f46895d74	WXS	TCGA-KIRC
c7011b75-de28-4a09-a0d4-93f5a4ecb81e	WXS	TCGA-KIRC
ed307afb-42f7-4f6a-8c17-a7eff5e7375c	WXS	TCGA-KIRC
c189b1ed-9da3-494f-80d4-069d3acc8390	WXS	TCGA-KIRC
9107ab2f-6493-457c-96e6-109ee20febfd	WXS	TCGA-KIRC
b91d17f8-c0cd-496f-ba6e-cf601b840882	WXS	TCGA-KIRC
f9655be7-48f2-4f0d-a977-0490a38cebb1	WXS	TCGA-KIRC
de05c91e-d363-4142-9a80-6df4171c78b1	WXS	TCGA-DLBC
0aa9ec9a-65f6-45f3-a912-2ad2986fd2f2	WXS	TCGA-BRCA
0882bc4e-a85a-43dc-ba1c-8cca59d8d6e0	WXS	TCGA-BRCA
0493e2d6-3684-4dc6-8936-32ceac6febd6	WXS	TCGA-BRCA
0e6098ed-7a4c-4085-af32-db4f95df0bdf	WXS	TCGA-BRCA
07c648a2-905b-4c11-8acd-3cfd2ca84b36	WXS	TCGA-BRCA
02449ef5-bcd8-45fe-aed0-08ab8bf7da48	WXS	TCGA-BRCA
1407ff56-0a59-40a0-833d-500738fd3e5d	WXS	TCGA-BRCA
174036c7-8d48-4bdc-9c80-69e468683741	WXS	TCGA-BRCA
19e89a66-ff73-45d8-821e-d2e948ace27a	WXS	TCGA-BRCA
3a20d63c-4e12-4f55-8313-ce228df86de5	WXS	TCGA-BRCA
20add4e2-3e8a-47ba-93df-a521fec98748	WXS	TCGA-BRCA
22341941-8271-42c7-8e9b-f1bc8e77938c	WXS	TCGA-BRCA
28d39c67-64dd-4c87-8872-2fa6285bb5ee	WXS	TCGA-BRCA
2d3fa4cd-7773-4ef1-ad2a-64b6e36edd0e	WXS	TCGA-BRCA
3413dd5b-0eb0-4beb-a5fb-61c7c5fce9b7	WXS	TCGA-BRCA
3787a01e-3747-4323-aa44-ab2d1ee9461e	WXS	TCGA-BRCA
1bc55036-2c7a-4333-87fd-b336056a8f06	WXS	TCGA-BRCA
220ab1c9-a74d-4174-aa2b-8958a7ff0a0a	WXS	TCGA-BRCA
36d55596-4f09-49cf-9b98-a41d56f15596	WXS	TCGA-BRCA
3612cf45-dda1-49bc-a86e-66b558a88f5d	WXS	TCGA-BRCA
39907665-a1f5-48ae-8804-6ac1bee40a14	WXS	TCGA-BRCA
3e942033-48c0-46f9-9a22-0fa6a2595457	WXS	TCGA-BRCA
40f9ebcd-3a0a-475c-8e38-4741679c3d9f	WXS	TCGA-BRCA
41d5cf2c-51c4-4c4f-bd9f-a70f3634f8da	WXS	TCGA-BRCA
4349ea7b-bccf-4177-83c3-52a9a7d797dc	WXS	TCGA-BRCA
4d3f82cf-3d7d-4615-8f6f-8d13f41ca466	WXS	TCGA-BRCA
43fbd898-a812-452f-ad49-11b633d546a2	WXS	TCGA-BRCA
43fb59ec-749a-47bc-95e1-90e3ba14f07e	WXS	TCGA-BRCA
4c08d383-64dc-4eb9-9b12-db0d7b717f01	WXS	TCGA-BRCA
451e7e28-7b8d-41e2-8f98-32171b3f2365	WXS	TCGA-BRCA
4673023a-629e-4682-8d71-e0a2eee31bd1	WXS	TCGA-BRCA
4a8714d4-e0b5-4c3d-b37e-c63a6b335f30	WXS	TCGA-BRCA
5012cd66-a89f-4721-b8c9-b1a85f4d0c0a	WXS	TCGA-BRCA
58f6f1c4-4030-41c0-ac58-65f4e3ff8e0c	WXS	TCGA-BRCA
584bd692-882c-4d8e-b2e8-c4aa23c342ea	WXS	TCGA-BRCA
5b298c58-4f4e-4c6b-a221-6909e6f195f7	WXS	TCGA-BRCA
5b74c178-74c9-4139-b71d-04ad83c668dc	WXS	TCGA-BRCA
5b6b5dc1-e2fc-4a6c-beca-95f13274be74	WXS	TCGA-BRCA
5efaa05d-b961-4b27-b5bb-c035c16cbb9b	WXS	TCGA-BRCA
667b1c1c-700f-4dec-9569-faf1fd10f77a	WXS	TCGA-BRCA
65ab9829-11ed-4329-9cab-fe4bc477c4fc	WXS	TCGA-BRCA
672ddf2f-d597-4042-a711-cc8d43975ac3	WXS	TCGA-BRCA
680726e4-06d2-4d6f-89b1-dc1be60421cf	WXS	TCGA-BRCA
723d2bb2-2c1b-4d7f-b8a3-8d8bc462bc04	WXS	TCGA-BRCA
70a4f424-d525-4832-8308-2ebb4df29cb8	WXS	TCGA-BRCA
6a0e2810-cca9-4d56-882a-3aa86d40dc5b	WXS	TCGA-BRCA
6a0c5d52-6b18-4e44-8386-358bcc677790	WXS	TCGA-BRCA
7727c319-eabf-4244-853c-99a404048ba4	WXS	TCGA-BRCA
818d2edf-4d55-4781-9821-fd1cb6cc48ea	WXS	TCGA-BRCA
7ae6c40f-55da-4633-a522-a2cc362a71ec	WXS	TCGA-BRCA
7a943780-521b-4635-bbbf-5d07a335bb1c	WXS	TCGA-BRCA
82ef3865-bb11-455a-82f2-2e13e38bf523	WXS	TCGA-BRCA
8194ebc3-134c-44d6-92e7-0dc072d7598e	WXS	TCGA-BRCA
88c05162-7550-4655-b801-eb62d32cfaf6	WXS	TCGA-BRCA
8914a8c0-7e04-4bd4-8292-609cde728fa7	WXS	TCGA-BRCA
8a3bf6fe-0319-48df-8863-0512316a0d17	WXS	TCGA-BRCA
8aa0087f-558c-4c48-a854-7b698969b122	WXS	TCGA-BRCA
9425fe04-6b2f-4adc-aa53-b0cfeb74cebf	WXS	TCGA-BRCA
90826258-996d-4d54-8ff1-d5f12d0f132b	WXS	TCGA-BRCA
a0010314-61b9-4b74-89e2-8ee8dd71b04a	WXS	TCGA-BRCA
9bdbb686-2844-49a1-86f1-07611ead9afd	WXS	TCGA-BRCA
9f4b3852-85a8-415b-b3bb-2a0b1b816037	WXS	TCGA-BRCA
a0a702a4-22f0-43d8-af7b-3982bbec565b	WXS	TCGA-BRCA
a0ee6912-692f-4b7f-923d-23780e2376bf	WXS	TCGA-BRCA
a02e59d0-6180-4664-a914-c57c4f3739bc	WXS	TCGA-BRCA
a36f70dd-7e2d-41e1-995a-ba33cd50f572	WXS	TCGA-BRCA
a4a3f797-6a6a-43d0-9293-a1e0b05f187b	WXS	TCGA-BRCA
ab1caeda-db3f-458b-ba98-12ab3c192404	WXS	TCGA-BRCA
a6d9a88c-de40-4a62-a8f1-f11cfdf2f2a7	WXS	TCGA-BRCA
b2427511-7314-4a85-9865-0f7229979e9f	WXS	TCGA-BRCA
ae33303a-eea5-4845-99df-d8792fcbf6ff	WXS	TCGA-BRCA
c2771bd0-55e7-48d5-bab8-c2470dda2838	WXS	TCGA-BRCA
b474dd5f-8b2c-4425-a7c4-5fc726d28cfa	WXS	TCGA-BRCA
b962a5ca-e534-45d2-a902-043585b44f86	WXS	TCGA-BRCA
c374af90-0755-4f31-8ed6-8f6f5ca2880e	WXS	TCGA-BRCA
b4d15160-bcba-40f1-a695-11efb6a9a9bc	WXS	TCGA-BRCA
bae14910-e3ed-459a-a075-d3cd01b68b67	WXS	TCGA-BRCA
bff32b7b-0947-4fca-8a35-e235118b2f3f	WXS	TCGA-BRCA
c579585a-5397-4f31-9e8b-d5c7a2a125ec	WXS	TCGA-BRCA
d7a1c364-dc44-4055-9695-d47df74fcbde	WXS	TCGA-BRCA
c8ad8592-7c32-42d1-9760-31254b0441b9	WXS	TCGA-BRCA
d8855940-0ced-4381-b6a8-6cad150ea53c	WXS	TCGA-BRCA
d98a8b15-d9cc-4e1b-9742-e3c102c2414a	WXS	TCGA-BRCA
d0b8409d-5d72-4ca3-a665-66cd9dfa614c	WXS	TCGA-BRCA
d1596f27-2155-46c7-a298-897d993eda27	WXS	TCGA-BRCA
d54709ef-d86e-42f6-992b-91dab6afe168	WXS	TCGA-BRCA
dc51a8df-0893-4793-b47a-53b9f1e6d0c7	WXS	TCGA-BRCA
dfc6d4e2-449c-4b3d-a0ba-af70b770e2b5	WXS	TCGA-BRCA
e9bb2987-d8ff-4e95-8ce6-fd80c9c16d53	WXS	TCGA-BRCA
e7e98051-a055-4934-97a4-dfcbc53890c3	WXS	TCGA-BRCA
eae000ce-b447-4651-a360-1a00919f752a	WXS	TCGA-BRCA
f17b34f5-e172-492a-b801-9fea96bf7f42	WXS	TCGA-BRCA
ecfbeb5c-62e2-48d7-9945-2d87109705ec	WXS	TCGA-BRCA
efbaffb4-6bb6-42b0-a17a-b7cf2559afe9	WXS	TCGA-BRCA
f3559487-1c0b-4f69-9ec8-d24f77950bb9	WXS	TCGA-BRCA
f359aa48-b593-4f26-a24d-6fa074cea75c	WXS	TCGA-BRCA
f388c40e-2845-48bf-8b24-fffbdb3b4bb1	WXS	TCGA-BRCA
f8ee7ad9-2338-4755-ac11-7d3281301a2b	WXS	TCGA-BRCA
f6f06b41-fdb2-49b5-a74c-2b36c8a00347	WXS	TCGA-BRCA
f989bb1d-9053-4867-b261-776da75f8957	WXS	TCGA-BRCA
f9684290-4411-4d7c-8b9e-87278c96eaa9	WXS	TCGA-BRCA
